date,close,Unnamed: 2,Unnamed: 3,Unnamed: 4,Unnamed: 5,Unnamed: 6
2024/10/11,3217.74,,,,,
2024/10/10,3301.93,,,,,
2024/10/9,3258.86,,,,,
2024/10/8,3489.78,,,,,
2024/9/30,3336.50,,,,,
2024/9/27,3087.53,,,,,
2024/9/26,3000.95,,,,,
2024/9/25,2896.31,,,,,
2024/9/24,2863.13,,,,,
2024/9/23,2748.92,,,,,
2024/9/20,2736.81,,,,,
2024/9/19,2736.02,,,,,
2024/9/18,2717.28,,,,,
2024/9/13,2704.09,,,,,
2024/9/12,2717.12,,,,,
2024/9/11,2721.80,,,,,
2024/9/10,2744.19,,,,,
2024/9/9,2736.49,,,,,
2024/9/6,2765.81,,,,,
2024/9/5,2788.31,,,,,
2024/9/4,2784.28,,,,,
2024/9/3,2802.98,,,,,
2024/9/2,2811.03,,,,,
2024/8/30,2842.21,,,,,
2024/8/29,2823.11,,,,,
2024/8/28,2837.43,,,,,
2024/8/27,2848.73,,,,,
2024/8/26,2855.52,,,,,
2024/8/23,2854.37,,,,,
2024/8/22,2848.77,,,,,
2024/8/21,2856.58,,,,,
2024/8/20,2866.66,,,,,
2024/8/19,2893.67,,,,,
2024/8/16,2879.43,,,,,
2024/8/15,2877.36,,,,,
2024/8/14,2850.65,,,,,
2024/8/13,2867.95,,,,,
2024/8/12,2858.20,,,,,
2024/8/9,2862.19,,,,,
2024/8/8,2869.90,,,,,
2024/8/7,2869.83,,,,,
2024/8/6,2867.28,,,,,
2024/8/5,2860.70,,,,,
2024/8/2,2905.34,,,,,
2024/8/1,2932.39,,,,,
2024/7/31,2938.75,,,,,
2024/7/30,2879.30,,,,,
2024/7/29,2891.85,,,,,
2024/7/26,2890.90,,,,,
2024/7/25,2886.74,,,,,
2024/7/24,2901.95,,,,,
2024/7/23,2915.37,,,,,
2024/7/22,2964.22,,,,,
2024/7/19,2982.31,,,,,
2024/7/18,2977.13,,,,,
2024/7/17,2962.85,,,,,
2024/7/16,2976.30,,,,,
2024/7/15,2974.01,,,,,
2024/7/12,2971.29,,,,,
2024/7/11,2970.39,,,,,
2024/7/10,2939.36,,,,,
2024/7/9,2959.37,,,,,
2024/7/8,2922.45,,,,,
2024/7/5,2949.93,,,,,
2024/7/4,2957.57,,,,,
2024/7/3,2982.38,,,,,
2024/7/2,2997.01,,,,,
2024/7/1,2994.73,,,,,
2024/6/28,2967.40,,,,,
2024/6/27,2945.85,,,,,
2024/6/26,2972.53,,,,,
2024/6/25,2950.00,,,,,
2024/6/24,2963.10,,,,,
2024/6/21,2998.14,,,,,
2024/6/20,3005.44,,,,,
2024/6/19,3018.05,,,,,
2024/6/18,3030.25,,,,,
2024/6/17,3015.89,,,,,
2024/6/14,3032.63,,,,,
2024/6/13,3028.92,,,,,
2024/6/12,3037.47,,,,,
2024/6/11,3028.05,,,,,
2024/6/7,3051.28,,,,,
2024/6/6,3048.79,,,,,
2024/6/5,3065.40,,,,,
2024/6/4,3091.20,,,,,
2024/6/3,3078.49,,,,,
2024/5/31,3086.81,,,,,
2024/5/30,3091.68,,,,,
2024/5/29,3111.02,,,,,
2024/5/28,3109.57,,,,,
2024/5/27,3124.04,,,,,
2024/5/24,3088.87,,,,,
2024/5/23,3116.39,,,,,
2024/5/22,3158.54,,,,,
2024/5/21,3157.97,,,,,
2024/5/20,3171.15,,,,,
2024/5/17,3154.03,,,,,
2024/5/16,3122.40,,,,,
2024/5/15,3119.90,,,,,
2024/5/14,3145.77,,,,,
2024/5/13,3148.02,,,,,
2024/5/10,3154.55,,,,,
2024/5/9,3154.32,,,,,
2024/5/8,3128.48,,,,,
2024/5/7,3147.74,,,,,
2024/5/6,3140.72,,,,,
2024/4/30,3104.82,,,,,
2024/4/29,3113.04,,,,,
2024/4/26,3088.64,,,,,
2024/4/25,3052.90,,,,,
2024/4/24,3044.82,,,,,
2024/4/23,3021.98,,,,,
2024/4/22,3044.60,,,,,
2024/4/19,3065.26,,,,,
2024/4/18,3074.22,,,,,
2024/4/17,3071.38,,,,,
2024/4/16,3007.07,,,,,
2024/4/15,3057.38,,,,,
2024/4/12,3019.47,,,,,
2024/4/11,3034.25,,,,,
2024/4/10,3027.33,,,,,
2024/4/9,3048.54,,,,,
2024/4/8,3047.05,,,,,
2024/4/3,3069.30,,,,,
2024/4/2,3074.96,,,,,
2024/4/1,3077.38,,,,,
2024/3/29,3041.17,,,,,
2024/3/28,3010.66,,,,,
2024/3/27,2993.14,,,,,
2024/3/26,3031.48,,,,,
2024/3/25,3026.31,,,,,
2024/3/22,3048.03,,,,,
2024/3/21,3077.11,,,,,
2024/3/20,3079.69,,,,,
2024/3/19,3062.76,,,,,
2024/3/18,3084.93,,,,,
2024/3/15,3054.64,,,,,
2024/3/14,3038.23,,,,,
2024/3/13,3043.83,,,,,
2024/3/12,3055.94,,,,,
2024/3/11,3068.46,,,,,
2024/3/8,3046.02,,,,,
2024/3/7,3027.40,,,,,
2024/3/6,3039.93,,,,,
2024/3/5,3047.79,,,,,
2024/3/4,3039.31,,,,,
2024/3/1,3027.02,,,,,
2024/2/29,3015.17,,,,,
2024/2/28,2957.85,,,,,
2024/2/27,3015.48,,,,,
2024/2/26,2977.02,,,,,
2024/2/23,3004.88,,,,,
2024/2/22,2988.36,,,,,
2024/2/21,2950.96,,,,,
2024/2/20,2922.73,,,,,
2024/2/19,2910.54,,,,,
2024/2/8,2865.90,,,,,
2024/2/7,2829.70,,,,,
2024/2/6,2789.49,,,,,
2024/2/5,2702.19,,,,,
2024/2/2,2730.15,,,,,
2024/2/1,2770.74,,,,,
2024/1/31,2788.55,,,,,
2024/1/30,2830.53,,,,,
2024/1/29,2883.36,,,,,
2024/1/26,2910.22,,,,,
2024/1/25,2906.11,,,,,
2024/1/24,2820.77,,,,,
2024/1/23,2770.98,,,,,
2024/1/22,2756.34,,,,,
2024/1/19,2832.28,,,,,
2024/1/18,2845.78,,,,,
2024/1/17,2833.62,,,,,
2024/1/16,2893.99,,,,,
2024/1/15,2886.29,,,,,
2024/1/12,2881.98,,,,,
2024/1/11,2886.65,,,,,
2024/1/10,2877.70,,,,,
2024/1/9,2893.25,,,,,
2024/1/8,2887.54,,,,,
2024/1/5,2929.18,,,,,
2024/1/4,2954.35,,,,,
2024/1/3,2967.25,,,,,
2024/1/2,2962.28,,,,,
2023/12/29,2974.93,,,,,
2023/12/28,2954.70,,,,,
2023/12/27,2914.61,,,,,
2023/12/26,2898.88,,,,,
2023/12/25,2918.81,,,,,
2023/12/22,2914.78,,,,,
2023/12/21,2918.71,,,,,
2023/12/20,2902.11,,,,,
2023/12/19,2932.39,,,,,
2023/12/18,2930.80,,,,,
2023/12/15,2942.56,,,,,
2023/12/14,2958.99,,,,,
2023/12/13,2968.76,,,,,
2023/12/12,3003.44,,,,,
2023/12/11,2991.44,,,,,
2023/12/8,2969.56,,,,,
2023/12/7,2966.21,,,,,
2023/12/6,2968.93,,,,,
2023/12/5,2972.30,,,,,
2023/12/4,3022.91,,,,,
2023/12/1,3031.64,,,,,
2023/11/30,3029.67,,,,,
2023/11/29,3021.69,,,,,
2023/11/28,3038.55,,,,,
2023/11/27,3031.70,,,,,
2023/11/24,3040.97,,,,,
2023/11/23,3061.86,,,,,
2023/11/22,3043.61,,,,,
2023/11/21,3067.93,,,,,
2023/11/20,3068.32,,,,,
2023/11/17,3054.37,,,,,
2023/11/16,3050.93,,,,,
2023/11/15,3072.83,,,,,
2023/11/14,3056.07,,,,,
2023/11/13,3046.53,,,,,
2023/11/10,3038.97,,,,,
2023/11/9,3053.28,,,,,
2023/11/8,3052.37,,,,,
2023/11/7,3057.27,,,,,
2023/11/6,3058.41,,,,,
2023/11/3,3030.80,,,,,
2023/11/2,3009.41,,,,,
2023/11/1,3023.08,,,,,
2023/10/31,3018.77,,,,,
2023/10/30,3021.55,,,,,
2023/10/27,3017.78,,,,,
2023/10/26,2988.30,,,,,
2023/10/25,2974.11,,,,,
2023/10/24,2962.24,,,,,
2023/10/23,2939.29,,,,,
2023/10/20,2983.06,,,,,
2023/10/19,3005.39,,,,,
2023/10/18,3058.71,,,,,
2023/10/17,3083.50,,,,,
2023/10/16,3073.81,,,,,
2023/10/13,3088.10,,,,,
2023/10/12,3107.90,,,,,
2023/10/11,3078.96,,,,,
2023/10/10,3075.24,,,,,
2023/10/9,3096.92,,,,,
2023/9/28,3110.48,,,,,
2023/9/27,3107.32,,,,,
2023/9/26,3102.27,,,,,
2023/9/25,3115.61,,,,,
2023/9/22,3132.43,,,,,
2023/9/21,3084.70,,,,,
2023/9/20,3108.57,,,,,
2023/9/19,3124.96,,,,,
2023/9/18,3125.93,,,,,
2023/9/15,3117.74,,,,,
2023/9/14,3126.55,,,,,
2023/9/13,3123.07,,,,,
2023/9/12,3137.06,,,,,
2023/9/11,3142.78,,,,,
2023/9/8,3116.72,,,,,
2023/9/7,3122.35,,,,,
2023/9/6,3158.08,,,,,
2023/9/5,3154.37,,,,,
2023/9/4,3177.06,,,,,
2023/9/1,3133.25,,,,,
2023/8/31,3119.88,,,,,
2023/8/30,3137.14,,,,,
2023/8/29,3135.89,,,,,
2023/8/28,3098.64,,,,,
2023/8/25,3064.07,,,,,
2023/8/24,3082.24,,,,,
2023/8/23,3078.40,,,,,
2023/8/22,3120.33,,,,,
2023/8/21,3092.98,,,,,
2023/8/18,3131.95,,,,,
2023/8/17,3163.74,,,,,
2023/8/16,3150.13,,,,,
2023/8/15,3176.18,,,,,
2023/8/14,3178.43,,,,,
2023/8/11,3189.25,,,,,
2023/8/10,3254.56,,,,,
2023/8/9,3244.49,,,,,
2023/8/8,3260.62,,,,,
2023/8/7,3268.83,,,,,
2023/8/4,3288.08,,,,,
2023/8/3,3280.46,,,,,
2023/8/2,3261.69,,,,,
2023/8/1,3290.95,,,,,
2023/7/31,3291.04,,,,,
2023/7/28,3275.93,,,,,
2023/7/27,3216.67,,,,,
2023/7/26,3223.03,,,,,
2023/7/25,3231.52,,,,,
2023/7/24,3164.16,,,,,
2023/7/21,3167.75,,,,,
2023/7/20,3169.52,,,,,
2023/7/19,3198.84,,,,,
2023/7/18,3197.82,,,,,
2023/7/17,3209.63,,,,,
2023/7/14,3237.70,,,,,
2023/7/13,3236.48,,,,,
2023/7/12,3196.13,,,,,
2023/7/11,3221.37,,,,,
2023/7/10,3203.70,,,,,
2023/7/7,3196.61,,,,,
2023/7/6,3205.57,,,,,
2023/7/5,3222.95,,,,,
2023/7/4,3245.35,,,,,
2023/7/3,3243.98,,,,,
2023/6/30,3202.06,,,,,
2023/6/29,3182.38,,,,,
2023/6/28,3189.38,,,,,
2023/6/27,3189.44,,,,,
2023/6/26,3150.62,,,,,
2023/6/21,3197.90,,,,,
2023/6/20,3240.36,,,,,
2023/6/19,3255.81,,,,,
2023/6/16,3273.33,,,,,
2023/6/15,3252.98,,,,,
2023/6/14,3228.99,,,,,
2023/6/13,3233.67,,,,,
2023/6/12,3228.83,,,,,
2023/6/9,3231.41,,,,,
2023/6/8,3213.59,,,,,
2023/6/7,3197.76,,,,,
2023/6/6,3195.34,,,,,
2023/6/5,3232.44,,,,,
2023/6/2,3230.07,,,,,
2023/6/1,3204.63,,,,,
2023/5/31,3204.56,,,,,
2023/5/30,3224.21,,,,,
2023/5/29,3221.45,,,,,
2023/5/26,3212.50,,,,,
2023/5/25,3201.26,,,,,
2023/5/24,3204.75,,,,,
2023/5/23,3246.24,,,,,
2023/5/22,3296.47,,,,,
2023/5/19,3283.54,,,,,
2023/5/18,3297.32,,,,,
2023/5/17,3284.23,,,,,
2023/5/16,3290.99,,,,,
2023/5/15,3310.74,,,,,
2023/5/12,3272.36,,,,,
2023/5/11,3309.55,,,,,
2023/5/10,3319.15,,,,,
2023/5/9,3357.67,,,,,
2023/5/8,3395.00,,,,,
2023/5/5,3334.50,,,,,
2023/5/4,3350.46,,,,,
2023/4/28,3323.27,,,,,
2023/4/27,3285.88,,,,,
2023/4/26,3264.10,,,,,
2023/4/25,3264.87,,,,,
2023/4/24,3275.41,,,,,
2023/4/21,3301.26,,,,,
2023/4/20,3367.03,,,,,
2023/4/19,3370.13,,,,,
2023/4/18,3393.33,,,,,
2023/4/17,3385.61,,,,,
2023/4/14,3338.15,,,,,
2023/4/13,3318.36,,,,,
2023/4/12,3327.18,,,,,
2023/4/11,3313.57,,,,,
2023/4/10,3315.36,,,,,
2023/4/7,3327.65,,,,,
2023/4/6,3312.63,,,,,
2023/4/4,3312.56,,,,,
2023/4/3,3296.40,,,,,
2023/3/31,3272.86,,,,,
2023/3/30,3261.25,,,,,
2023/3/29,3240.06,,,,,
2023/3/28,3245.38,,,,,
2023/3/27,3251.40,,,,,
2023/3/24,3265.65,,,,,
2023/3/23,3286.65,,,,,
2023/3/22,3265.75,,,,,
2023/3/21,3255.65,,,,,
2023/3/20,3234.91,,,,,
2023/3/17,3250.55,,,,,
2023/3/16,3226.89,,,,,
2023/3/15,3263.31,,,,,
2023/3/14,3245.31,,,,,
2023/3/13,3268.70,,,,,
2023/3/10,3230.08,,,,,
2023/3/9,3276.09,,,,,
2023/3/8,3283.25,,,,,
2023/3/7,3285.10,,,,,
2023/3/6,3322.03,,,,,
2023/3/3,3328.39,,,,,
2023/3/2,3310.65,,,,,
2023/3/1,3312.35,,,,,
2023/2/28,3279.61,,,,,
2023/2/27,3258.03,,,,,
2023/2/24,3267.16,,,,,
2023/2/23,3287.48,,,,,
2023/2/22,3291.15,,,,,
2023/2/21,3306.52,,,,,
2023/2/20,3290.34,,,,,
2023/2/17,3224.02,,,,,
2023/2/16,3249.03,,,,,
2023/2/15,3280.49,,,,,
2023/2/14,3293.28,,,,,
2023/2/13,3284.16,,,,,
2023/2/10,3260.67,,,,,
2023/2/9,3270.38,,,,,
2023/2/8,3232.11,,,,,
2023/2/7,3248.09,,,,,
2023/2/6,3238.70,,,,,
2023/2/3,3263.41,,,,,
2023/2/2,3285.67,,,,,
2023/2/1,3284.92,,,,,
2023/1/31,3255.67,,,,,
2023/1/30,3269.32,,,,,
2023/1/20,3264.81,,,,,
2023/1/19,3240.28,,,,,
2023/1/18,3224.41,,,,,
2023/1/17,3224.24,,,,,
2023/1/16,3227.59,,,,,
2023/1/13,3195.31,,,,,
2023/1/12,3163.45,,,,,
2023/1/11,3161.84,,,,,
2023/1/10,3169.51,,,,,
2023/1/9,3176.08,,,,,
2023/1/6,3157.64,,,,,
2023/1/5,3155.22,,,,,
2023/1/4,3123.52,,,,,
2023/1/3,3116.51,,,,,
2022/12/30,3089.26,,,,,
2022/12/29,3073.70,,,,,
2022/12/28,3087.40,,,,,
2022/12/27,3095.57,,,,,
2022/12/26,3065.56,,,,,
2022/12/23,3045.87,,,,,
2022/12/22,3054.43,,,,,
2022/12/21,3068.41,,,,,
2022/12/20,3073.77,,,,,
2022/12/19,3107.11,,,,,
2022/12/16,3167.86,,,,,
2022/12/15,3168.65,,,,,
2022/12/14,3176.53,,,,,
2022/12/13,3176.33,,,,,
2022/12/12,3179.04,,,,,
2022/12/9,3206.95,,,,,
2022/12/8,3197.35,,,,,
2022/12/7,3199.62,,,,,
2022/12/6,3212.53,,,,,
2022/12/5,3211.81,,,,,
2022/12/2,3156.14,,,,,
2022/12/1,3165.47,,,,,
2022/11/30,3151.34,,,,,
2022/11/29,3149.75,,,,,
2022/11/28,3078.55,,,,,
2022/11/25,3101.69,,,,,
2022/11/24,3089.31,,,,,
2022/11/23,3096.91,,,,,
2022/11/22,3088.94,,,,,
2022/11/21,3085.04,,,,,
2022/11/18,3097.24,,,,,
2022/11/17,3115.43,,,,,
2022/11/16,3119.98,,,,,
2022/11/15,3134.08,,,,,
2022/11/14,3083.40,,,,,
2022/11/11,3087.29,,,,,
2022/11/10,3036.13,,,,,
2022/11/9,3048.17,,,,,
2022/11/8,3064.49,,,,,
2022/11/7,3077.82,,,,,
2022/11/4,3070.80,,,,,
2022/11/3,2997.81,,,,,
2022/11/2,3003.37,,,,,
2022/11/1,2969.20,,,,,
2022/10/31,2893.48,,,,,
2022/10/28,2915.93,,,,,
2022/10/27,2982.90,,,,,
2022/10/26,2999.50,,,,,
2022/10/25,2976.28,,,,,
2022/10/24,2977.56,,,,,
2022/10/21,3038.93,,,,,
2022/10/20,3035.05,,,,,
2022/10/19,3044.38,,,,,
2022/10/18,3080.96,,,,,
2022/10/17,3084.94,,,,,
2022/10/14,3071.99,,,,,
2022/10/13,3016.36,,,,,
2022/10/12,3025.51,,,,,
2022/10/11,2979.79,,,,,
2022/10/10,2974.15,,,,,
2022/9/30,3024.39,,,,,
2022/9/29,3041.20,,,,,
2022/9/28,3045.07,,,,,
2022/9/27,3093.86,,,,,
2022/9/26,3051.23,,,,,
2022/9/23,3088.37,,,,,
2022/9/22,3108.91,,,,,
2022/9/21,3117.18,,,,,
2022/9/20,3122.41,,,,,
2022/9/19,3115.60,,,,,
2022/9/16,3126.40,,,,,
2022/9/15,3199.92,,,,,
2022/9/14,3237.54,,,,,
2022/9/13,3263.80,,,,,
2022/9/9,3262.05,,,,,
2022/9/8,3235.59,,,,,
2022/9/7,3246.29,,,,,
2022/9/6,3243.45,,,,,
2022/9/5,3199.91,,,,,
2022/9/2,3186.48,,,,,
2022/9/1,3184.98,,,,,
2022/8/31,3202.14,,,,,
2022/8/30,3227.22,,,,,
2022/8/29,3240.73,,,,,
2022/8/26,3236.22,,,,,
2022/8/25,3246.25,,,,,
2022/8/24,3215.20,,,,,
2022/8/23,3276.22,,,,,
2022/8/22,3277.79,,,,,
2022/8/19,3258.08,,,,,
2022/8/18,3277.54,,,,,
2022/8/17,3292.53,,,,,
2022/8/16,3277.88,,,,,
2022/8/15,3276.09,,,,,
2022/8/12,3276.89,,,,,
2022/8/11,3281.67,,,,,
2022/8/10,3230.02,,,,,
2022/8/9,3247.43,,,,,
2022/8/8,3236.93,,,,,
2022/8/5,3227.03,,,,,
2022/8/4,3189.04,,,,,
2022/8/3,3163.67,,,,,
2022/8/2,3186.27,,,,,
2022/8/1,3259.96,,,,,
2022/7/29,3253.24,,,,,
2022/7/28,3282.58,,,,,
2022/7/27,3275.76,,,,,
2022/7/26,3277.44,,,,,
2022/7/25,3250.39,,,,,
2022/7/22,3269.97,,,,,
2022/7/21,3272.00,,,,,
2022/7/20,3304.72,,,,,
2022/7/19,3279.43,,,,,
2022/7/18,3278.10,,,,,
2022/7/15,3228.06,,,,,
2022/7/14,3281.74,,,,,
2022/7/13,3284.29,,,,,
2022/7/12,3281.47,,,,,
2022/7/11,3313.58,,,,,
2022/7/8,3356.08,,,,,
2022/7/7,3364.40,,,,,
2022/7/6,3355.35,,,,,
2022/7/5,3404.03,,,,,
2022/7/4,3405.43,,,,,
2022/7/1,3387.64,,,,,
2022/6/30,3398.62,,,,,
2022/6/29,3361.52,,,,,
2022/6/28,3409.21,,,,,
2022/6/27,3379.19,,,,,
2022/6/24,3349.75,,,,,
2022/6/23,3320.15,,,,,
2022/6/22,3267.20,,,,,
2022/6/21,3306.72,,,,,
2022/6/20,3315.43,,,,,
2022/6/17,3316.79,,,,,
2022/6/16,3285.38,,,,,
2022/6/15,3305.41,,,,,
2022/6/14,3288.91,,,,,
2022/6/13,3255.55,,,,,
2022/6/10,3284.83,,,,,
2022/6/9,3238.95,,,,,
2022/6/8,3263.79,,,,,
2022/6/7,3241.76,,,,,
2022/6/6,3236.37,,,,,
2022/6/2,3195.46,,,,,
2022/6/1,3182.16,,,,,
2022/5/31,3186.43,,,,,
2022/5/30,3149.06,,,,,
2022/5/27,3130.24,,,,,
2022/5/26,3123.11,,,,,
2022/5/25,3107.46,,,,,
2022/5/24,3070.93,,,,,
2022/5/23,3146.86,,,,,
2022/5/20,3146.57,,,,,
2022/5/19,3096.96,,,,,
2022/5/18,3085.98,,,,,
2022/5/17,3093.70,,,,,
2022/5/16,3073.75,,,,,
2022/5/13,3084.28,,,,,
2022/5/12,3054.99,,,,,
2022/5/11,3058.70,,,,,
2022/5/10,3035.84,,,,,
2022/5/9,3004.14,,,,,
2022/5/6,3001.56,,,,,
2022/5/5,3067.76,,,,,
2022/4/29,3047.06,,,,,
2022/4/28,2975.48,,,,,
2022/4/27,2958.28,,,,,
2022/4/26,2886.43,,,,,
2022/4/25,2928.51,,,,,
2022/4/22,3086.92,,,,,
2022/4/21,3079.81,,,,,
2022/4/20,3151.05,,,,,
2022/4/19,3194.03,,,,,
2022/4/18,3195.52,,,,,
2022/4/15,3211.24,,,,,
2022/4/14,3225.64,,,,,
2022/4/13,3186.82,,,,,
2022/4/12,3213.33,,,,,
2022/4/11,3167.13,,,,,
2022/4/8,3251.85,,,,,
2022/4/7,3236.70,,,,,
2022/4/6,3283.43,,,,,
2022/4/1,3282.72,,,,,
2022/3/31,3252.20,,,,,
2022/3/30,3266.60,,,,,
2022/3/29,3203.94,,,,,
2022/3/28,3214.50,,,,,
2022/3/25,3212.24,,,,,
2022/3/24,3250.26,,,,,
2022/3/23,3271.03,,,,,
2022/3/22,3259.86,,,,,
2022/3/21,3253.69,,,,,
2022/3/18,3251.07,,,,,
2022/3/17,3215.04,,,,,
2022/3/16,3170.71,,,,,
2022/3/15,3063.97,,,,,
2022/3/14,3223.53,,,,,
2022/3/11,3309.75,,,,,
2022/3/10,3296.09,,,,,
2022/3/9,3256.39,,,,,
2022/3/8,3293.53,,,,,
2022/3/7,3372.86,,,,,
2022/3/4,3447.65,,,,,
2022/3/3,3481.11,,,,,
2022/3/2,3484.19,,,,,
2022/3/1,3488.83,,,,,
2022/2/28,3462.31,,,,,
2022/2/25,3451.41,,,,,
2022/2/24,3429.96,,,,,
2022/2/23,3489.15,,,,,
2022/2/22,3457.15,,,,,
2022/2/21,3490.61,,,,,
2022/2/18,3490.76,,,,,
2022/2/17,3468.04,,,,,
2022/2/16,3465.83,,,,,
2022/2/15,3446.09,,,,,
2022/2/14,3428.88,,,,,
2022/2/11,3462.95,,,,,
2022/2/10,3485.91,,,,,
2022/2/9,3479.95,,,,,
2022/2/8,3452.63,,,,,
2022/2/7,3429.58,,,,,
2022/1/28,3361.44,,,,,
2022/1/27,3394.25,,,,,
2022/1/26,3455.67,,,,,
2022/1/25,3433.06,,,,,
2022/1/24,3524.10,,,,,
2022/1/21,3522.57,,,,,
2022/1/20,3555.06,,,,,
2022/1/19,3558.18,,,,,
2022/1/18,3569.91,,,,,
2022/1/17,3541.67,,,,,
2022/1/14,3521.26,,,,,
2022/1/13,3555.26,,,,,
2022/1/12,3597.43,,,,,
2022/1/11,3567.44,,,,,
2022/1/10,3593.52,,,,,
2022/1/7,3579.54,,,,,
2022/1/6,3586.08,,,,,
2022/1/5,3595.18,,,,,
2022/1/4,3632.33,,,,,
2021/12/31,3639.78,,,,,
2021/12/30,3619.19,,,,,
2021/12/29,3597.00,,,,,
2021/12/28,3630.11,,,,,
2021/12/27,3615.97,,,,,
2021/12/24,3618.05,,,,,
2021/12/23,3643.34,,,,,
2021/12/22,3622.62,,,,,
2021/12/21,3625.13,,,,,
2021/12/20,3593.60,,,,,
2021/12/17,3632.36,,,,,
2021/12/16,3675.02,,,,,
2021/12/15,3647.63,,,,,
2021/12/14,3661.53,,,,,
2021/12/13,3681.08,,,,,
2021/12/10,3666.35,,,,,
2021/12/9,3673.04,,,,,
2021/12/8,3637.57,,,,,
2021/12/7,3595.09,,,,,
2021/12/6,3589.31,,,,,
2021/12/3,3607.43,,,,,
2021/12/2,3573.84,,,,,
2021/12/1,3576.89,,,,,
2021/11/30,3563.89,,,,,
2021/11/29,3562.70,,,,,
2021/11/26,3564.09,,,,,
2021/11/25,3584.18,,,,,
2021/11/24,3592.70,,,,,
2021/11/23,3589.09,,,,,
2021/11/22,3582.08,,,,,
2021/11/19,3560.37,,,,,
2021/11/18,3520.71,,,,,
2021/11/17,3537.37,,,,,
2021/11/16,3521.79,,,,,
2021/11/15,3533.30,,,,,
2021/11/12,3539.10,,,,,
2021/11/11,3532.79,,,,,
2021/11/10,3492.46,,,,,
2021/11/9,3507.00,,,,,
2021/11/8,3498.63,,,,,
2021/11/5,3491.57,,,,,
2021/11/4,3526.87,,,,,
2021/11/3,3498.54,,,,,
2021/11/2,3505.63,,,,,
2021/11/1,3544.48,,,,,
2021/10/29,3547.34,,,,,
2021/10/28,3518.42,,,,,
2021/10/27,3562.31,,,,,
2021/10/26,3597.64,,,,,
2021/10/25,3609.86,,,,,
2021/10/22,3582.60,,,,,
2021/10/21,3594.78,,,,,
2021/10/20,3587.00,,,,,
2021/10/19,3593.15,,,,,
2021/10/18,3568.14,,,,,
2021/10/15,3572.37,,,,,
2021/10/14,3558.28,,,,,
2021/10/13,3561.76,,,,,
2021/10/12,3546.94,,,,,
2021/10/11,3591.71,,,,,
2021/10/8,3592.17,,,,,
2021/9/30,3568.17,,,,,
2021/9/29,3536.29,,,,,
2021/9/28,3602.22,,,,,
2021/9/27,3582.83,,,,,
2021/9/24,3613.07,,,,,
2021/9/23,3642.22,,,,,
2021/9/22,3628.49,,,,,
2021/9/17,3613.97,,,,,
2021/9/16,3607.09,,,,,
2021/9/15,3656.22,,,,,
2021/9/14,3662.60,,,,,
2021/9/13,3715.37,,,,,
2021/9/10,3703.11,,,,,
2021/9/9,3693.13,,,,,
2021/9/8,3675.19,,,,,
2021/9/7,3676.59,,,,,
2021/9/6,3621.86,,,,,
2021/9/3,3581.73,,,,,
2021/9/2,3597.04,,,,,
2021/9/1,3567.10,,,,,
2021/8/31,3543.94,,,,,
2021/8/30,3528.15,,,,,
2021/8/27,3522.16,,,,,
2021/8/26,3501.66,,,,,
2021/8/25,3540.38,,,,,
2021/8/24,3514.47,,,,,
2021/8/23,3477.13,,,,,
2021/8/20,3427.33,,,,,
2021/8/19,3465.55,,,,,
2021/8/18,3485.29,,,,,
2021/8/17,3446.98,,,,,
2021/8/16,3517.34,,,,,
2021/8/13,3516.30,,,,,
2021/8/12,3524.74,,,,,
2021/8/11,3532.62,,,,,
2021/8/10,3529.93,,,,,
2021/8/9,3494.63,,,,,
2021/8/6,3458.23,,,,,
2021/8/5,3466.55,,,,,
2021/8/4,3477.22,,,,,
2021/8/3,3447.99,,,,,
2021/8/2,3464.29,,,,,
2021/7/30,3397.36,,,,,
2021/7/29,3411.72,,,,,
2021/7/28,3361.59,,,,,
2021/7/27,3381.18,,,,,
2021/7/26,3467.44,,,,,
2021/7/23,3550.40,,,,,
2021/7/22,3574.73,,,,,
2021/7/21,3562.66,,,,,
2021/7/20,3536.79,,,,,
2021/7/19,3539.12,,,,,
2021/7/16,3539.30,,,,,
2021/7/15,3564.59,,,,,
2021/7/14,3528.50,,,,,
2021/7/13,3566.52,,,,,
2021/7/12,3547.84,,,,,
2021/7/9,3524.09,,,,,
2021/7/8,3525.50,,,,,
2021/7/7,3553.72,,,,,
2021/7/6,3530.26,,,,,
2021/7/5,3534.32,,,,,
2021/7/2,3518.76,,,,,
2021/7/1,3588.78,,,,,
2021/6/30,3591.20,,,,,
2021/6/29,3573.18,,,,,
2021/6/28,3606.37,,,,,
2021/6/25,3607.56,,,,,
2021/6/24,3566.65,,,,,
2021/6/23,3566.22,,,,,
2021/6/22,3557.41,,,,,
2021/6/21,3529.18,,,,,
2021/6/18,3525.10,,,,,
2021/6/17,3525.60,,,,,
2021/6/16,3518.33,,,,,
2021/6/15,3556.56,,,,,
2021/6/11,3589.75,,,,,
2021/6/10,3610.86,,,,,
2021/6/9,3591.40,,,,,
2021/6/8,3580.11,,,,,
2021/6/7,3599.54,,,,,
2021/6/4,3591.84,,,,,
2021/6/3,3584.21,,,,,
2021/6/2,3597.14,,,,,
2021/6/1,3624.71,,,,,
2021/5/31,3615.48,,,,,
2021/5/28,3600.78,,,,,
2021/5/27,3608.85,,,,,
2021/5/26,3593.36,,,,,
2021/5/25,3581.34,,,,,
2021/5/24,3497.28,,,,,
2021/5/21,3486.56,,,,,
2021/5/20,3506.94,,,,,
2021/5/19,3510.96,,,,,
2021/5/18,3529.01,,,,,
2021/5/17,3517.62,,,,,
2021/5/14,3490.38,,,,,
2021/5/13,3429.54,,,,,
2021/5/12,3462.75,,,,,
2021/5/11,3441.85,,,,,
2021/5/10,3427.99,,,,,
2021/5/7,3418.87,,,,,
2021/5/6,3441.28,,,,,
2021/4/30,3446.86,,,,,
2021/4/29,3474.90,,,,,
2021/4/28,3457.07,,,,,
2021/4/27,3442.61,,,,,
2021/4/26,3441.17,,,,,
2021/4/23,3474.17,,,,,
2021/4/22,3465.11,,,,,
2021/4/21,3472.93,,,,,
2021/4/20,3472.94,,,,,
2021/4/19,3477.55,,,,,
2021/4/16,3426.62,,,,,
2021/4/15,3398.99,,,,,
2021/4/14,3416.72,,,,,
2021/4/13,3396.47,,,,,
2021/4/12,3412.95,,,,,
2021/4/9,3450.68,,,,,
2021/4/8,3482.55,,,,,
2021/4/7,3479.63,,,,,
2021/4/6,3482.97,,,,,
2021/4/2,3484.39,,,,,
2021/4/1,3466.33,,,,,
2021/3/31,3441.91,,,,,
2021/3/30,3456.68,,,,,
2021/3/29,3435.30,,,,,
2021/3/26,3418.33,,,,,
2021/3/25,3363.59,,,,,
2021/3/24,3367.06,,,,,
2021/3/23,3411.51,,,,,
2021/3/22,3443.44,,,,,
2021/3/19,3404.66,,,,,
2021/3/18,3463.07,,,,,
2021/3/17,3445.55,,,,,
2021/3/16,3446.73,,,,,
2021/3/15,3419.95,,,,,
2021/3/12,3453.08,,,,,
2021/3/11,3436.83,,,,,
2021/3/10,3357.74,,,,,
2021/3/9,3359.29,,,,,
2021/3/8,3421.41,,,,,
2021/3/5,3501.99,,,,,
2021/3/4,3503.49,,,,,
2021/3/3,3576.90,,,,,
2021/3/2,3508.59,,,,,
2021/3/1,3551.40,,,,,
2021/2/26,3509.08,,,,,
2021/2/25,3585.05,,,,,
2021/2/24,3564.08,,,,,
2021/2/23,3636.36,,,,,
2021/2/22,3642.44,,,,,
2021/2/19,3696.17,,,,,
2021/2/18,3675.36,,,,,
2021/2/10,3655.09,,,,,
2021/2/9,3603.49,,,,,
2021/2/8,3532.45,,,,,
2021/2/5,3496.33,,,,,
2021/2/4,3501.86,,,,,
2021/2/3,3517.31,,,,,
2021/2/2,3533.68,,,,,
2021/2/1,3505.28,,,,,
2021/1/29,3483.07,,,,,
2021/1/28,3505.18,,,,,
2021/1/27,3573.34,,,,,
2021/1/26,3569.43,,,,,
2021/1/25,3624.24,,,,,
2021/1/22,3606.75,,,,,
2021/1/21,3621.26,,,,,
2021/1/20,3583.09,,,,,
2021/1/19,3566.38,,,,,
2021/1/18,3596.22,,,,,
2021/1/15,3566.38,,,,,
2021/1/14,3565.90,,,,,
2021/1/13,3598.65,,,,,
2021/1/12,3608.34,,,,,
2021/1/11,3531.50,,,,,
2021/1/8,3570.11,,,,,
2021/1/7,3576.20,,,,,
2021/1/6,3550.88,,,,,
2021/1/5,3528.68,,,,,
2021/1/4,3502.96,,,,,
2020/12/31,3473.07,,,,,
2020/12/30,3414.45,,,,,
2020/12/29,3379.04,,,,,
2020/12/28,3397.29,,,,,
2020/12/25,3396.56,,,,,
2020/12/24,3363.11,,,,,
2020/12/23,3382.32,,,,,
2020/12/22,3356.78,,,,,
2020/12/21,3420.57,,,,,
2020/12/18,3394.90,,,,,
2020/12/17,3404.87,,,,,
2020/12/16,3366.98,,,,,
2020/12/15,3367.23,,,,,
2020/12/14,3369.12,,,,,
2020/12/11,3347.19,,,,,
2020/12/10,3373.28,,,,,
2020/12/9,3371.96,,,,,
2020/12/8,3410.18,,,,,
2020/12/7,3416.60,,,,,
2020/12/4,3444.58,,,,,
2020/12/3,3442.14,,,,,
2020/12/2,3449.38,,,,,
2020/12/1,3451.94,,,,,
2020/11/30,3391.76,,,,,
2020/11/27,3408.31,,,,,
2020/11/26,3369.73,,,,,
2020/11/25,3362.33,,,,,
2020/11/24,3402.82,,,,,
2020/11/23,3414.49,,,,,
2020/11/20,3377.73,,,,,
2020/11/19,3363.09,,,,,
2020/11/18,3347.30,,,,,
2020/11/17,3339.90,,,,,
2020/11/16,3346.97,,,,,
2020/11/13,3310.10,,,,,
2020/11/12,3338.68,,,,,
2020/11/11,3342.20,,,,,
2020/11/10,3360.15,,,,,
2020/11/9,3373.73,,,,,
2020/11/6,3312.16,,,,,
2020/11/5,3320.13,,,,,
2020/11/4,3277.44,,,,,
2020/11/3,3271.07,,,,,
2020/11/2,3225.12,,,,,
2020/10/30,3224.53,,,,,
2020/10/29,3272.73,,,,,
2020/10/28,3269.24,,,,,
2020/10/27,3254.32,,,,,
2020/10/26,3251.12,,,,,
2020/10/23,3278.00,,,,,
2020/10/22,3312.50,,,,,
2020/10/21,3325.02,,,,,
2020/10/20,3328.10,,,,,
2020/10/19,3312.67,,,,,
2020/10/16,3336.36,,,,,
2020/10/15,3332.18,,,,,
2020/10/14,3340.78,,,,,
2020/10/13,3359.75,,,,,
2020/10/12,3358.47,,,,,
2020/10/9,3272.08,,,,,
2020/9/30,3218.05,,,,,
2020/9/29,3224.36,,,,,
2020/9/28,3217.53,,,,,
2020/9/25,3219.42,,,,,
2020/9/24,3223.18,,,,,
2020/9/23,3279.71,,,,,
2020/9/22,3274.30,,,,,
2020/9/21,3316.94,,,,,
2020/9/18,3338.09,,,,,
2020/9/17,3270.44,,,,,
2020/9/16,3283.92,,,,,
2020/9/15,3295.68,,,,,
2020/9/14,3278.81,,,,,
2020/9/11,3260.35,,,,,
2020/9/10,3234.82,,,,,
2020/9/9,3254.63,,,,,
2020/9/8,3316.42,,,,,
2020/9/7,3292.59,,,,,
2020/9/4,3355.37,,,,,
2020/9/3,3384.98,,,,,
2020/9/2,3404.80,,,,,
2020/9/1,3410.61,,,,,
2020/8/31,3395.68,,,,,
2020/8/28,3403.81,,,,,
2020/8/27,3350.11,,,,,
2020/8/26,3329.74,,,,,
2020/8/25,3373.58,,,,,
2020/8/24,3385.64,,,,,
2020/8/21,3380.68,,,,,
2020/8/20,3363.90,,,,,
2020/8/19,3408.13,,,,,
2020/8/18,3451.09,,,,,
2020/8/17,3438.80,,,,,
2020/8/14,3360.10,,,,,
2020/8/13,3320.73,,,,,
2020/8/12,3319.27,,,,,
2020/8/11,3340.29,,,,,
2020/8/10,3379.25,,,,,
2020/8/7,3354.04,,,,,
2020/8/6,3386.46,,,,,
2020/8/5,3377.56,,,,,
2020/8/4,3371.69,,,,,
2020/8/3,3367.97,,,,,
2020/7/31,3310.01,,,,,
2020/7/30,3286.82,,,,,
2020/7/29,3294.55,,,,,
2020/7/28,3227.96,,,,,
2020/7/27,3205.23,,,,,
2020/7/24,3196.77,,,,,
2020/7/23,3325.11,,,,,
2020/7/22,3333.16,,,,,
2020/7/21,3320.89,,,,,
2020/7/20,3314.15,,,,,
2020/7/17,3214.13,,,,,
2020/7/16,3210.10,,,,,
2020/7/15,3361.30,,,,,
2020/7/14,3414.62,,,,,
2020/7/13,3443.29,,,,,
2020/7/10,3383.32,,,,,
2020/7/9,3450.59,,,,,
2020/7/8,3403.44,,,,,
2020/7/7,3345.34,,,,,
2020/7/6,3332.88,,,,,
2020/7/3,3152.81,,,,,
2020/7/2,3090.57,,,,,
2020/7/1,3025.98,,,,,
2020/6/30,2984.67,,,,,
2020/6/29,2961.52,,,,,
2020/6/24,2979.55,,,,,
2020/6/23,2970.62,,,,,
2020/6/22,2965.27,,,,,
2020/6/19,2967.63,,,,,
2020/6/18,2939.32,,,,,
2020/6/17,2935.87,,,,,
2020/6/16,2931.75,,,,,
2020/6/15,2890.03,,,,,
2020/6/12,2919.74,,,,,
2020/6/11,2920.90,,,,,
2020/6/10,2943.75,,,,,
2020/6/9,2956.11,,,,,
2020/6/8,2937.77,,,,,
2020/6/5,2930.80,,,,,
2020/6/4,2919.25,,,,,
2020/6/3,2923.37,,,,,
2020/6/2,2921.40,,,,,
2020/6/1,2915.43,,,,,
2020/5/29,2852.35,,,,,
2020/5/28,2846.22,,,,,
2020/5/27,2836.80,,,,,
2020/5/26,2846.55,,,,,
2020/5/25,2817.97,,,,,
2020/5/22,2813.77,,,,,
2020/5/21,2867.92,,,,,
2020/5/20,2883.74,,,,,
2020/5/19,2898.58,,,,,
2020/5/18,2875.42,,,,,
2020/5/15,2868.46,,,,,
2020/5/14,2870.34,,,,,
2020/5/13,2898.05,,,,,
2020/5/12,2891.56,,,,,
2020/5/11,2894.80,,,,,
2020/5/8,2895.34,,,,,
2020/5/7,2871.52,,,,,
2020/5/6,2878.14,,,,,
2020/4/30,2860.08,,,,,
2020/4/29,2822.44,,,,,
2020/4/28,2810.02,,,,,
2020/4/27,2815.49,,,,,
2020/4/24,2808.53,,,,,
2020/4/23,2838.50,,,,,
2020/4/22,2843.98,,,,,
2020/4/21,2827.01,,,,,
2020/4/20,2852.55,,,,,
2020/4/17,2838.49,,,,,
2020/4/16,2819.93,,,,,
2020/4/15,2811.17,,,,,
2020/4/14,2827.28,,,,,
2020/4/13,2783.05,,,,,
2020/4/10,2796.63,,,,,
2020/4/9,2825.90,,,,,
2020/4/8,2815.37,,,,,
2020/4/7,2820.76,,,,,
2020/4/3,2763.99,,,,,
2020/4/2,2780.64,,,,,
2020/4/1,2734.52,,,,,
2020/3/31,2750.30,,,,,
2020/3/30,2747.21,,,,,
2020/3/27,2772.20,,,,,
2020/3/26,2764.91,,,,,
2020/3/25,2781.59,,,,,
2020/3/24,2722.44,,,,,
2020/3/23,2660.17,,,,,
2020/3/20,2745.62,,,,,
2020/3/19,2702.13,,,,,
2020/3/18,2728.76,,,,,
2020/3/17,2779.64,,,,,
2020/3/16,2789.25,,,,,
2020/3/13,2887.43,,,,,
2020/3/12,2923.49,,,,,
2020/3/11,2968.52,,,,,
2020/3/10,2996.76,,,,,
2020/3/9,2943.29,,,,,
2020/3/6,3034.51,,,,,
2020/3/5,3071.68,,,,,
2020/3/4,3011.67,,,,,
2020/3/3,2992.90,,,,,
2020/3/2,2970.93,,,,,
2020/2/28,2880.30,,,,,
2020/2/27,2991.33,,,,,
2020/2/26,2987.93,,,,,
2020/2/25,3013.05,,,,,
2020/2/24,3031.23,,,,,
2020/2/21,3039.67,,,,,
2020/2/20,3030.15,,,,,
2020/2/19,2975.40,,,,,
2020/2/18,2984.97,,,,,
2020/2/17,2983.62,,,,,
2020/2/14,2917.01,,,,,
2020/2/13,2906.07,,,,,
2020/2/12,2926.90,,,,,
2020/2/11,2901.67,,,,,
2020/2/10,2890.49,,,,,
2020/2/7,2875.96,,,,,
2020/2/6,2866.51,,,,,
2020/2/5,2818.09,,,,,
2020/2/4,2783.29,,,,,
2020/2/3,2746.61,,,,,
2020/1/23,2976.53,,,,,
2020/1/22,3060.75,,,,,
2020/1/21,3052.14,,,,,
2020/1/20,3095.79,,,,,
2020/1/17,3075.50,,,,,
2020/1/16,3074.08,,,,,
2020/1/15,3090.04,,,,,
2020/1/14,3106.82,,,,,
2020/1/13,3115.57,,,,,
2020/1/10,3092.29,,,,,
2020/1/9,3094.88,,,,,
2020/1/8,3066.89,,,,,
2020/1/7,3104.80,,,,,
2020/1/6,3083.41,,,,,
2020/1/3,3083.79,,,,,
2020/1/2,3085.20,,,,,
2019/12/31,3050.12,,,,,
2019/12/30,3040.02,,,,,
2019/12/27,3005.04,,,,,
2019/12/26,3007.35,,,,,
2019/12/25,2981.88,,,,,
2019/12/24,2982.68,,,,,
2019/12/23,2962.75,,,,,
2019/12/20,3004.94,,,,,
2019/12/19,3017.07,,,,,
2019/12/18,3017.04,,,,,
2019/12/17,3022.42,,,,,
2019/12/16,2984.39,,,,,
2019/12/13,2967.68,,,,,
2019/12/12,2915.70,,,,,
2019/12/11,2924.42,,,,,
2019/12/10,2917.32,,,,,
2019/12/9,2914.48,,,,,
2019/12/6,2912.01,,,,,
2019/12/5,2899.47,,,,,
2019/12/4,2878.12,,,,,
2019/12/3,2884.70,,,,,
2019/12/2,2875.81,,,,,
2019/11/29,2871.98,,,,,
2019/11/28,2889.69,,,,,
2019/11/27,2903.19,,,,,
2019/11/26,2907.06,,,,,
2019/11/25,2906.17,,,,,
2019/11/22,2885.29,,,,,
2019/11/21,2903.64,,,,,
2019/11/20,2911.05,,,,,
2019/11/19,2933.99,,,,,
2019/11/18,2909.20,,,,,
2019/11/15,2891.34,,,,,
2019/11/14,2909.87,,,,,
2019/11/13,2905.24,,,,,
2019/11/12,2914.82,,,,,
2019/11/11,2909.97,,,,,
2019/11/8,2964.18,,,,,
2019/11/7,2978.71,,,,,
2019/11/6,2978.60,,,,,
2019/11/5,2991.56,,,,,
2019/11/4,2975.49,,,,,
2019/11/1,2958.20,,,,,
2019/10/31,2929.06,,,,,
2019/10/30,2939.32,,,,,
2019/10/29,2954.18,,,,,
2019/10/28,2980.05,,,,,
2019/10/25,2954.93,,,,,
2019/10/24,2940.92,,,,,
2019/10/23,2941.62,,,,,
2019/10/22,2954.38,,,,,
2019/10/21,2939.62,,,,,
2019/10/18,2938.14,,,,,
2019/10/17,2977.33,,,,,
2019/10/16,2978.71,,,,,
2019/10/15,2991.05,,,,,
2019/10/14,3007.88,,,,,
2019/10/11,2973.66,,,,,
2019/10/10,2947.71,,,,,
2019/10/9,2924.86,,,,,
2019/10/8,2913.57,,,,,
2019/9/30,2905.19,,,,,
2019/9/27,2932.17,,,,,
2019/9/26,2929.09,,,,,
2019/9/25,2955.43,,,,,
2019/9/24,2985.34,,,,,
2019/9/23,2977.08,,,,,
2019/9/20,3006.45,,,,,
2019/9/19,2999.28,,,,,
2019/9/18,2985.66,,,,,
2019/9/17,2978.12,,,,,
2019/9/16,3030.75,,,,,
2019/9/12,3031.24,,,,,
2019/9/11,3008.81,,,,,
2019/9/10,3021.20,,,,,
2019/9/9,3024.74,,,,,
2019/9/6,2999.60,,,,,
2019/9/5,2985.86,,,,,
2019/9/4,2957.41,,,,,
2019/9/3,2930.15,,,,,
2019/9/2,2924.11,,,,,
2019/8/30,2886.24,,,,,
2019/8/29,2890.92,,,,,
2019/8/28,2893.76,,,,,
2019/8/27,2902.19,,,,,
2019/8/26,2863.57,,,,,
2019/8/23,2897.43,,,,,
2019/8/22,2883.44,,,,,
2019/8/21,2880.33,,,,,
2019/8/20,2880.00,,,,,
2019/8/19,2883.10,,,,,
2019/8/16,2823.82,,,,,
2019/8/15,2815.80,,,,,
2019/8/14,2808.91,,,,,
2019/8/13,2797.26,,,,,
2019/8/12,2814.99,,,,,
2019/8/9,2774.75,,,,,
2019/8/8,2794.55,,,,,
2019/8/7,2768.68,,,,,
2019/8/6,2777.56,,,,,
2019/8/5,2821.50,,,,,
2019/8/2,2867.84,,,,,
2019/8/1,2908.77,,,,,
2019/7/31,2932.51,,,,,
2019/7/30,2952.34,,,,,
2019/7/29,2941.01,,,,,
2019/7/26,2944.54,,,,,
2019/7/25,2937.36,,,,,
2019/7/24,2923.28,,,,,
2019/7/23,2899.94,,,,,
2019/7/22,2886.97,,,,,
2019/7/19,2924.20,,,,,
2019/7/18,2901.18,,,,,
2019/7/17,2931.69,,,,,
2019/7/16,2937.62,,,,,
2019/7/15,2942.19,,,,,
2019/7/12,2930.55,,,,,
2019/7/11,2917.76,,,,,
2019/7/10,2915.30,,,,,
2019/7/9,2928.23,,,,,
2019/7/8,2933.36,,,,,
2019/7/5,3011.06,,,,,
2019/7/4,3005.25,,,,,
2019/7/3,3015.26,,,,,
2019/7/2,3043.94,,,,,
2019/7/1,3044.90,,,,,
2019/6/28,2978.88,,,,,
2019/6/27,2996.79,,,,,
2019/6/26,2976.28,,,,,
2019/6/25,2982.07,,,,,
2019/6/24,3008.15,,,,,
2019/6/21,3001.98,,,,,
2019/6/20,2987.12,,,,,
2019/6/19,2917.80,,,,,
2019/6/18,2890.16,,,,,
2019/6/17,2887.62,,,,,
2019/6/14,2881.97,,,,,
2019/6/13,2910.74,,,,,
2019/6/12,2909.38,,,,,
2019/6/11,2925.72,,,,,
2019/6/10,2852.13,,,,,
2019/6/6,2827.80,,,,,
2019/6/5,2861.42,,,,,
2019/6/4,2862.28,,,,,
2019/6/3,2890.08,,,,,
2019/5/31,2898.70,,,,,
2019/5/30,2905.81,,,,,
2019/5/29,2914.70,,,,,
2019/5/28,2909.91,,,,,
2019/5/27,2892.38,,,,,
2019/5/24,2852.99,,,,,
2019/5/23,2852.52,,,,,
2019/5/22,2891.70,,,,,
2019/5/21,2905.97,,,,,
2019/5/20,2870.60,,,,,
2019/5/17,2882.30,,,,,
2019/5/16,2955.71,,,,,
2019/5/15,2938.68,,,,,
2019/5/14,2883.61,,,,,
2019/5/13,2903.71,,,,,
2019/5/10,2939.21,,,,,
2019/5/9,2850.95,,,,,
2019/5/8,2893.76,,,,,
2019/5/7,2926.39,,,,,
2019/5/6,2906.46,,,,,
2019/4/30,3078.34,,,,,
2019/4/29,3062.50,,,,,
2019/4/26,3086.40,,,,,
2019/4/25,3123.83,,,,,
2019/4/24,3201.61,,,,,
2019/4/23,3198.59,,,,,
2019/4/22,3215.04,,,,,
2019/4/19,3270.80,,,,,
2019/4/18,3250.20,,,,,
2019/4/17,3263.12,,,,,
2019/4/16,3253.60,,,,,
2019/4/15,3177.79,,,,,
2019/4/12,3188.63,,,,,
2019/4/11,3189.96,,,,,
2019/4/10,3241.93,,,,,
2019/4/9,3239.66,,,,,
2019/4/8,3244.81,,,,,
2019/4/4,3246.57,,,,,
2019/4/3,3216.30,,,,,
2019/4/2,3176.82,,,,,
2019/4/1,3170.36,,,,,
2019/3/29,3090.76,,,,,
2019/3/28,2994.94,,,,,
2019/3/27,3022.72,,,,,
2019/3/26,2997.10,,,,,
2019/3/25,3043.03,,,,,
2019/3/22,3104.15,,,,,
2019/3/21,3101.45,,,,,
2019/3/20,3090.64,,,,,
2019/3/19,3090.97,,,,,
2019/3/18,3096.42,,,,,
2019/3/15,3021.75,,,,,
2019/3/14,2990.68,,,,,
2019/3/13,3026.95,,,,,
2019/3/12,3060.31,,,,,
2019/3/11,3026.99,,,,,
2019/3/8,2969.86,,,,,
2019/3/7,3106.42,,,,,
2019/3/6,3102.10,,,,,
2019/3/5,3054.25,,,,,
2019/3/4,3027.58,,,,,
2019/3/1,2994.01,,,,,
2019/2/28,2940.95,,,,,
2019/2/27,2953.82,,,,,
2019/2/26,2941.52,,,,,
2019/2/25,2961.28,,,,,
2019/2/22,2804.23,,,,,
2019/2/21,2751.80,,,,,
2019/2/20,2761.22,,,,,
2019/2/19,2755.65,,,,,
2019/2/18,2754.36,,,,,
2019/2/15,2682.39,,,,,
2019/2/14,2719.70,,,,,
2019/2/13,2721.07,,,,,
2019/2/12,2671.89,,,,,
2019/2/11,2653.90,,,,,
2019/2/1,2618.23,,,,,
2019/1/31,2584.57,,,,,
2019/1/30,2575.58,,,,,
2019/1/29,2594.25,,,,,
2019/1/28,2596.98,,,,,
2019/1/25,2601.72,,,,,
2019/1/24,2591.69,,,,,
2019/1/23,2581.00,,,,,
2019/1/22,2579.70,,,,,
2019/1/21,2610.51,,,,,
2019/1/18,2596.01,,,,,
2019/1/17,2559.64,,,,,
2019/1/16,2570.42,,,,,
2019/1/15,2570.34,,,,,
2019/1/14,2535.77,,,,,
2019/1/11,2553.83,,,,,
2019/1/10,2535.10,,,,,
2019/1/9,2544.34,,,,,
2019/1/8,2526.46,,,,,
2019/1/7,2533.09,,,,,
2019/1/4,2514.87,,,,,
2019/1/3,2464.36,,,,,
2019/1/2,2465.29,,,,,
2018/12/28,2493.90,,,,,
2018/12/27,2483.09,,,,,
2018/12/26,2498.29,,,,,
2018/12/25,2504.82,,,,,
2018/12/24,2527.01,,,,,
2018/12/21,2516.25,,,,,
2018/12/20,2536.27,,,,,
2018/12/19,2549.56,,,,,
2018/12/18,2576.65,,,,,
2018/12/17,2597.97,,,,,
2018/12/14,2593.74,,,,,
2018/12/13,2634.05,,,,,
2018/12/12,2602.15,,,,,
2018/12/11,2594.09,,,,,
2018/12/10,2584.58,,,,,
2018/12/7,2605.89,,,,,
2018/12/6,2605.18,,,,,
2018/12/5,2649.81,,,,,
2018/12/4,2665.96,,,,,
2018/12/3,2654.80,,,,,
2018/11/30,2588.19,,,,,
2018/11/29,2567.44,,,,,
2018/11/28,2601.74,,,,,
2018/11/27,2574.68,,,,,
2018/11/26,2575.81,,,,,
2018/11/23,2579.48,,,,,
2018/11/22,2645.43,,,,,
2018/11/21,2651.51,,,,,
2018/11/20,2645.85,,,,,
2018/11/19,2703.51,,,,,
2018/11/16,2679.11,,,,,
2018/11/15,2668.17,,,,,
2018/11/14,2632.24,,,,,
2018/11/13,2654.88,,,,,
2018/11/12,2630.52,,,,,
2018/11/9,2598.87,,,,,
2018/11/8,2635.63,,,,,
2018/11/7,2641.34,,,,,
2018/11/6,2659.36,,,,,
2018/11/5,2665.43,,,,,
2018/11/2,2676.48,,,,,
2018/11/1,2606.24,,,,,
2018/10/31,2602.78,,,,,
2018/10/30,2568.05,,,,,
2018/10/29,2542.10,,,,,
2018/10/26,2598.85,,,,,
2018/10/25,2603.80,,,,,
2018/10/24,2603.30,,,,,
2018/10/23,2594.83,,,,,
2018/10/22,2654.88,,,,,
2018/10/19,2550.47,,,,,
2018/10/18,2486.42,,,,,
2018/10/17,2561.61,,,,,
2018/10/16,2546.33,,,,,
2018/10/15,2568.10,,,,,
2018/10/12,2606.91,,,,,
2018/10/11,2583.46,,,,,
2018/10/10,2725.84,,,,,
2018/10/9,2721.01,,,,,
2018/10/8,2716.51,,,,,
2018/9/28,2821.35,,,,,
2018/9/27,2791.77,,,,,
2018/9/26,2806.81,,,,,
2018/9/25,2781.14,,,,,
2018/9/21,2797.48,,,,,
2018/9/20,2729.24,,,,,
2018/9/19,2730.85,,,,,
2018/9/18,2699.95,,,,,
2018/9/17,2651.79,,,,,
2018/9/14,2681.64,,,,,
2018/9/13,2686.58,,,,,
2018/9/12,2656.11,,,,,
2018/9/11,2664.80,,,,,
2018/9/10,2669.48,,,,,
2018/9/7,2702.30,,,,,
2018/9/6,2691.59,,,,,
2018/9/5,2704.34,,,,,
2018/9/4,2750.58,,,,,
2018/9/3,2720.73,,,,,
2018/8/31,2725.25,,,,,
2018/8/30,2737.74,,,,,
2018/8/29,2769.29,,,,,
2018/8/28,2777.98,,,,,
2018/8/27,2780.90,,,,,
2018/8/24,2729.43,,,,,
2018/8/23,2724.62,,,,,
2018/8/22,2714.61,,,,,
2018/8/21,2733.83,,,,,
2018/8/20,2698.47,,,,,
2018/8/17,2668.97,,,,,
2018/8/16,2705.19,,,,,
2018/8/15,2723.26,,,,,
2018/8/14,2780.96,,,,,
2018/8/13,2785.87,,,,,
2018/8/10,2795.31,,,,,
2018/8/9,2794.38,,,,,
2018/8/8,2744.07,,,,,
2018/8/7,2779.37,,,,,
2018/8/6,2705.16,,,,,
2018/8/3,2740.44,,,,,
2018/8/2,2768.02,,,,,
2018/8/1,2824.53,,,,,
2018/7/31,2876.40,,,,,
2018/7/30,2869.05,,,,,
2018/7/27,2873.59,,,,,
2018/7/26,2882.23,,,,,
2018/7/25,2903.65,,,,,
2018/7/24,2905.56,,,,,
2018/7/23,2859.54,,,,,
2018/7/20,2829.27,,,,,
2018/7/19,2772.55,,,,,
2018/7/18,2787.26,,,,,
2018/7/17,2798.13,,,,,
2018/7/16,2814.04,,,,,
2018/7/13,2831.18,,,,,
2018/7/12,2837.66,,,,,
2018/7/11,2777.77,,,,,
2018/7/10,2827.63,,,,,
2018/7/9,2815.11,,,,,
2018/7/6,2747.23,,,,,
2018/7/5,2733.88,,,,,
2018/7/4,2759.13,,,,,
2018/7/3,2786.89,,,,,
2018/7/2,2775.56,,,,,
2018/6/29,2847.42,,,,,
2018/6/28,2786.90,,,,,
2018/6/27,2813.18,,,,,
2018/6/26,2844.51,,,,,
2018/6/25,2859.34,,,,,
2018/6/22,2889.76,,,,,
2018/6/21,2875.81,,,,,
2018/6/20,2915.73,,,,,
2018/6/19,2907.82,,,,,
2018/6/15,3021.90,,,,,
2018/6/14,3044.16,,,,,
2018/6/13,3049.80,,,,,
2018/6/12,3079.80,,,,,
2018/6/11,3052.78,,,,,
2018/6/8,3067.15,,,,,
2018/6/7,3109.50,,,,,
2018/6/6,3115.18,,,,,
2018/6/5,3114.21,,,,,
2018/6/4,3091.19,,,,,
2018/6/1,3075.14,,,,,
2018/5/31,3095.47,,,,,
2018/5/30,3041.44,,,,,
2018/5/29,3120.46,,,,,
2018/5/28,3135.08,,,,,
2018/5/25,3141.30,,,,,
2018/5/24,3154.65,,,,,
2018/5/23,3168.96,,,,,
2018/5/22,3214.35,,,,,
2018/5/21,3213.84,,,,,
2018/5/18,3193.30,,,,,
2018/5/17,3154.28,,,,,
2018/5/16,3169.57,,,,,
2018/5/15,3192.12,,,,,
2018/5/14,3174.03,,,,,
2018/5/11,3163.26,,,,,
2018/5/10,3174.41,,,,,
2018/5/9,3159.15,,,,,
2018/5/8,3161.50,,,,,
2018/5/7,3136.64,,,,,
2018/5/4,3091.03,,,,,
2018/5/3,3100.86,,,,,
2018/5/2,3081.18,,,,,
2018/4/27,3082.23,,,,,
2018/4/26,3075.03,,,,,
2018/4/25,3117.97,,,,,
2018/4/24,3128.93,,,,,
2018/4/23,3068.01,,,,,
2018/4/20,3071.54,,,,,
2018/4/19,3117.38,,,,,
2018/4/18,3091.40,,,,,
2018/4/17,3066.80,,,,,
2018/4/16,3110.65,,,,,
2018/4/13,3159.05,,,,,
2018/4/12,3180.16,,,,,
2018/4/11,3208.08,,,,,
2018/4/10,3190.32,,,,,
2018/4/9,3138.29,,,,,
2018/4/4,3131.11,,,,,
2018/4/3,3136.63,,,,,
2018/4/2,3163.18,,,,,
2018/3/30,3168.90,,,,,
2018/3/29,3160.53,,,,,
2018/3/28,3122.29,,,,,
2018/3/27,3166.65,,,,,
2018/3/26,3133.72,,,,,
2018/3/23,3152.76,,,,,
2018/3/22,3263.48,,,,,
2018/3/21,3280.95,,,,,
2018/3/20,3290.64,,,,,
2018/3/19,3279.25,,,,,
2018/3/16,3269.88,,,,,
2018/3/15,3291.11,,,,,
2018/3/14,3291.38,,,,,
2018/3/13,3310.24,,,,,
2018/3/12,3326.70,,,,,
2018/3/9,3307.17,,,,,
2018/3/8,3288.41,,,,,
2018/3/7,3271.67,,,,,
2018/3/6,3289.64,,,,,
2018/3/5,3256.93,,,,,
2018/3/2,3254.53,,,,,
2018/3/1,3273.75,,,,,
2018/2/28,3259.41,,,,,
2018/2/27,3292.07,,,,,
2018/2/26,3329.57,,,,,
2018/2/23,3289.02,,,,,
2018/2/22,3268.56,,,,,
2018/2/14,3199.16,,,,,
2018/2/13,3184.96,,,,,
2018/2/12,3154.13,,,,,
2018/2/9,3129.85,,,,,
2018/2/8,3262.05,,,,,
2018/2/7,3309.26,,,,,
2018/2/6,3370.65,,,,,
2018/2/5,3487.50,,,,,
2018/2/2,3462.08,,,,,
2018/2/1,3446.98,,,,,
2018/1/31,3480.83,,,,,
2018/1/30,3488.01,,,,,
2018/1/29,3523.00,,,,,
2018/1/26,3558.13,,,,,
2018/1/25,3548.31,,,,,
2018/1/24,3559.47,,,,,
2018/1/23,3546.50,,,,,
2018/1/22,3501.36,,,,,
2018/1/19,3487.86,,,,,
2018/1/18,3474.75,,,,,
2018/1/17,3444.67,,,,,
2018/1/16,3436.59,,,,,
2018/1/15,3410.49,,,,,
2018/1/12,3428.94,,,,,
2018/1/11,3425.34,,,,,
2018/1/10,3421.83,,,,,
2018/1/9,3413.90,,,,,
2018/1/8,3409.48,,,,,
2018/1/5,3391.75,,,,,
2018/1/4,3385.71,,,,,
2018/1/3,3369.11,,,,,
2018/1/2,3348.33,,,,,
2017/12/29,3307.17,,,,,
2017/12/28,3296.38,,,,,
2017/12/27,3275.78,,,,,
2017/12/26,3306.12,,,,,
2017/12/25,3280.46,,,,,
2017/12/22,3297.06,,,,,
2017/12/21,3300.06,,,,,
2017/12/20,3287.61,,,,,
2017/12/19,3296.54,,,,,
2017/12/18,3267.92,,,,,
2017/12/15,3266.14,,,,,
2017/12/14,3292.44,,,,,
2017/12/13,3303.04,,,,,
2017/12/12,3280.81,,,,,
2017/12/11,3322.20,,,,,
2017/12/8,3289.99,,,,,
2017/12/7,3272.05,,,,,
2017/12/6,3293.96,,,,,
2017/12/5,3303.68,,,,,
2017/12/4,3309.62,,,,,
2017/12/1,3317.62,,,,,
2017/11/30,3317.19,,,,,
2017/11/29,3337.86,,,,,
2017/11/28,3333.66,,,,,
2017/11/27,3322.23,,,,,
2017/11/24,3353.82,,,,,
2017/11/23,3351.92,,,,,
2017/11/22,3430.46,,,,,
2017/11/21,3410.50,,,,,
2017/11/20,3392.40,,,,,
2017/11/17,3382.91,,,,,
2017/11/16,3399.25,,,,,
2017/11/15,3402.52,,,,,
2017/11/14,3429.55,,,,,
2017/11/13,3447.84,,,,,
2017/11/10,3432.67,,,,,
2017/11/9,3427.79,,,,,
2017/11/8,3415.46,,,,,
2017/11/7,3413.57,,,,,
2017/11/6,3388.17,,,,,
2017/11/3,3371.74,,,,,
2017/11/2,3383.31,,,,,
2017/11/1,3395.91,,,,,
2017/10/31,3393.34,,,,,
2017/10/30,3390.34,,,,,
2017/10/27,3416.81,,,,,
2017/10/26,3407.57,,,,,
2017/10/25,3396.90,,,,,
2017/10/24,3388.25,,,,,
2017/10/23,3380.70,,,,,
2017/10/20,3378.65,,,,,
2017/10/19,3370.17,,,,,
2017/10/18,3381.79,,,,,
2017/10/17,3372.04,,,,,
2017/10/16,3378.47,,,,,
2017/10/13,3390.52,,,,,
2017/10/12,3386.10,,,,,
2017/10/11,3388.28,,,,,
2017/10/10,3382.99,,,,,
2017/10/9,3374.38,,,,,
2017/9/29,3348.94,,,,,
2017/9/28,3339.64,,,,,
2017/9/27,3345.27,,,,,
2017/9/26,3343.58,,,,,
2017/9/25,3341.55,,,,,
2017/9/22,3352.53,,,,,
2017/9/21,3357.81,,,,,
2017/9/20,3366.00,,,,,
2017/9/19,3356.84,,,,,
2017/9/18,3362.86,,,,,
2017/9/15,3353.62,,,,,
2017/9/14,3371.43,,,,,
2017/9/13,3384.15,,,,,
2017/9/12,3379.49,,,,,
2017/9/11,3376.42,,,,,
2017/9/8,3365.24,,,,,
2017/9/7,3365.50,,,,,
2017/9/6,3385.39,,,,,
2017/9/5,3384.32,,,,,
2017/9/4,3379.58,,,,,
2017/9/1,3367.12,,,,,
2017/8/31,3360.81,,,,,
2017/8/30,3363.63,,,,,
2017/8/29,3365.23,,,,,
2017/8/28,3362.65,,,,,
2017/8/25,3331.52,,,,,
2017/8/24,3271.51,,,,,
2017/8/23,3287.70,,,,,
2017/8/22,3290.23,,,,,
2017/8/21,3286.91,,,,,
2017/8/18,3268.72,,,,,
2017/8/17,3268.43,,,,,
2017/8/16,3246.45,,,,,
2017/8/15,3251.26,,,,,
2017/8/14,3237.36,,,,,
2017/8/11,3208.54,,,,,
2017/8/10,3261.75,,,,,
2017/8/9,3275.57,,,,,
2017/8/8,3281.87,,,,,
2017/8/7,3279.46,,,,,
2017/8/4,3262.08,,,,,
2017/8/3,3272.93,,,,,
2017/8/2,3285.06,,,,,
2017/8/1,3292.64,,,,,
2017/7/31,3273.03,,,,,
2017/7/28,3253.24,,,,,
2017/7/27,3249.78,,,,,
2017/7/26,3247.67,,,,,
2017/7/25,3243.69,,,,,
2017/7/24,3250.60,,,,,
2017/7/21,3237.98,,,,,
2017/7/20,3244.86,,,,,
2017/7/19,3230.98,,,,,
2017/7/18,3187.57,,,,,
2017/7/17,3176.46,,,,,
2017/7/14,3222.42,,,,,
2017/7/13,3218.16,,,,,
2017/7/12,3197.54,,,,,
2017/7/11,3203.04,,,,,
2017/7/10,3212.63,,,,,
2017/7/7,3217.96,,,,,
2017/7/6,3212.44,,,,,
2017/7/5,3207.13,,,,,
2017/7/4,3182.80,,,,,
2017/7/3,3195.91,,,,,
2017/6/30,3192.43,,,,,
2017/6/29,3188.06,,,,,
2017/6/28,3173.20,,,,,
2017/6/27,3191.20,,,,,
2017/6/26,3185.44,,,,,
2017/6/23,3157.87,,,,,
2017/6/22,3147.45,,,,,
2017/6/21,3156.21,,,,,
2017/6/20,3140.01,,,,,
2017/6/19,3144.37,,,,,
2017/6/16,3123.17,,,,,
2017/6/15,3132.49,,,,,
2017/6/14,3130.67,,,,,
2017/6/13,3153.74,,,,,
2017/6/12,3139.88,,,,,
2017/6/9,3158.40,,,,,
2017/6/8,3150.33,,,,,
2017/6/7,3140.32,,,,,
2017/6/6,3102.13,,,,,
2017/6/5,3091.66,,,,,
2017/6/2,3105.54,,,,,
2017/6/1,3102.62,,,,,
2017/5/31,3117.18,,,,,
2017/5/26,3110.06,,,,,
2017/5/25,3107.83,,,,,
2017/5/24,3064.08,,,,,
2017/5/23,3061.95,,,,,
2017/5/22,3075.68,,,,,
2017/5/19,3090.63,,,,,
2017/5/18,3090.14,,,,,
2017/5/17,3104.44,,,,,
2017/5/16,3112.96,,,,,
2017/5/15,3090.23,,,,,
2017/5/12,3083.51,,,,,
2017/5/11,3061.50,,,,,
2017/5/10,3052.78,,,,,
2017/5/9,3080.53,,,,,
2017/5/8,3078.61,,,,,
2017/5/5,3103.04,,,,,
2017/5/4,3127.37,,,,,
2017/5/3,3135.35,,,,,
2017/5/2,3143.71,,,,,
2017/4/28,3154.66,,,,,
2017/4/27,3152.19,,,,,
2017/4/26,3140.85,,,,,
2017/4/25,3134.57,,,,,
2017/4/24,3129.53,,,,,
2017/4/21,3173.15,,,,,
2017/4/20,3172.10,,,,,
2017/4/19,3170.69,,,,,
2017/4/18,3196.71,,,,,
2017/4/17,3222.17,,,,,
2017/4/14,3246.07,,,,,
2017/4/13,3275.96,,,,,
2017/4/12,3273.83,,,,,
2017/4/11,3288.97,,,,,
2017/4/10,3269.39,,,,,
2017/4/7,3286.62,,,,,
2017/4/6,3281.00,,,,,
2017/4/5,3270.31,,,,,
2017/3/31,3222.51,,,,,
2017/3/30,3210.24,,,,,
2017/3/29,3241.31,,,,,
2017/3/28,3252.95,,,,,
2017/3/27,3266.96,,,,,
2017/3/24,3269.45,,,,,
2017/3/23,3248.55,,,,,
2017/3/22,3245.22,,,,,
2017/3/21,3261.61,,,,,
2017/3/20,3250.81,,,,,
2017/3/17,3237.45,,,,,
2017/3/16,3268.94,,,,,
2017/3/15,3241.76,,,,,
2017/3/14,3239.33,,,,,
2017/3/13,3237.02,,,,,
2017/3/10,3212.76,,,,,
2017/3/9,3216.75,,,,,
2017/3/8,3240.66,,,,,
2017/3/7,3242.41,,,,,
2017/3/6,3233.87,,,,,
2017/3/3,3218.31,,,,,
2017/3/2,3230.03,,,,,
2017/3/1,3246.93,,,,,
2017/2/28,3241.73,,,,,
2017/2/27,3228.66,,,,,
2017/2/24,3253.43,,,,,
2017/2/23,3251.38,,,,,
2017/2/22,3261.22,,,,,
2017/2/21,3253.33,,,,,
2017/2/20,3239.96,,,,,
2017/2/17,3202.08,,,,,
2017/2/16,3229.62,,,,,
2017/2/15,3212.99,,,,,
2017/2/14,3217.93,,,,,
2017/2/13,3216.84,,,,,
2017/2/10,3196.70,,,,,
2017/2/9,3183.18,,,,,
2017/2/8,3166.98,,,,,
2017/2/7,3153.09,,,,,
2017/2/6,3156.98,,,,,
2017/2/3,3140.17,,,,,
2017/1/26,3159.17,,,,,
2017/1/25,3149.55,,,,,
2017/1/24,3142.55,,,,,
2017/1/23,3136.77,,,,,
2017/1/20,3123.14,,,,,
2017/1/19,3101.30,,,,,
2017/1/18,3113.01,,,,,
2017/1/17,3108.77,,,,,
2017/1/16,3103.43,,,,,
2017/1/13,3112.76,,,,,
2017/1/12,3119.29,,,,,
2017/1/11,3136.75,,,,,
2017/1/10,3161.67,,,,,
2017/1/9,3171.24,,,,,
2017/1/6,3154.32,,,,,
2017/1/5,3165.41,,,,,
2017/1/4,3158.79,,,,,
2017/1/3,3135.92,,,,,
2016/12/30,3103.64,,,,,
2016/12/29,3096.10,,,,,
2016/12/28,3102.24,,,,,
2016/12/27,3114.66,,,,,
2016/12/26,3122.57,,,,,
2016/12/23,3110.15,,,,,
2016/12/22,3139.56,,,,,
2016/12/21,3137.43,,,,,
2016/12/20,3102.88,,,,,
2016/12/19,3118.08,,,,,
2016/12/16,3122.98,,,,,
2016/12/15,3117.68,,,,,
2016/12/14,3140.53,,,,,
2016/12/13,3155.04,,,,,
2016/12/12,3152.97,,,,,
2016/12/9,3232.88,,,,,
2016/12/8,3215.37,,,,,
2016/12/7,3222.24,,,,,
2016/12/6,3199.65,,,,,
2016/12/5,3204.71,,,,,
2016/12/2,3243.84,,,,,
2016/12/1,3273.31,,,,,
2016/11/30,3250.03,,,,,
2016/11/29,3282.92,,,,,
2016/11/28,3277.00,,,,,
2016/11/25,3261.94,,,,,
2016/11/24,3241.74,,,,,
2016/11/23,3241.14,,,,,
2016/11/22,3248.35,,,,,
2016/11/21,3218.15,,,,,
2016/11/18,3192.86,,,,,
2016/11/17,3208.45,,,,,
2016/11/16,3205.06,,,,,
2016/11/15,3206.99,,,,,
2016/11/14,3210.37,,,,,
2016/11/11,3196.04,,,,,
2016/11/10,3171.28,,,,,
2016/11/9,3128.37,,,,,
2016/11/8,3147.89,,,,,
2016/11/7,3133.33,,,,,
2016/11/4,3125.32,,,,,
2016/11/3,3128.94,,,,,
2016/11/2,3102.73,,,,,
2016/11/1,3122.44,,,,,
2016/10/31,3100.49,,,,,
2016/10/28,3104.27,,,,,
2016/10/27,3112.35,,,,,
2016/10/26,3116.31,,,,,
2016/10/25,3131.94,,,,,
2016/10/24,3128.25,,,,,
2016/10/21,3090.94,,,,,
2016/10/20,3084.46,,,,,
2016/10/19,3084.72,,,,,
2016/10/18,3083.88,,,,,
2016/10/17,3041.17,,,,,
2016/10/14,3063.81,,,,,
2016/10/13,3061.35,,,,,
2016/10/12,3058.50,,,,,
2016/10/11,3065.25,,,,,
2016/10/10,3048.14,,,,,
2016/9/30,3004.70,,,,,
2016/9/29,2998.48,,,,,
2016/9/28,2987.86,,,,,
2016/9/27,2998.17,,,,,
2016/9/26,2980.43,,,,,
2016/9/23,3033.90,,,,,
2016/9/22,3042.31,,,,,
2016/9/21,3025.87,,,,,
2016/9/20,3023.00,,,,,
2016/9/19,3026.05,,,,,
2016/9/14,3002.85,,,,,
2016/9/13,3023.51,,,,,
2016/9/12,3021.98,,,,,
2016/9/9,3078.85,,,,,
2016/9/8,3095.95,,,,,
2016/9/7,3091.93,,,,,
2016/9/6,3090.71,,,,,
2016/9/5,3072.10,,,,,
2016/9/2,3067.35,,,,,
2016/9/1,3063.31,,,,,
2016/8/31,3085.49,,,,,
2016/8/30,3074.68,,,,,
2016/8/29,3070.03,,,,,
2016/8/26,3070.31,,,,,
2016/8/25,3068.33,,,,,
2016/8/24,3085.88,,,,,
2016/8/23,3089.71,,,,,
2016/8/22,3084.81,,,,,
2016/8/19,3108.10,,,,,
2016/8/18,3104.11,,,,,
2016/8/17,3109.55,,,,,
2016/8/16,3110.04,,,,,
2016/8/15,3125.20,,,,,
2016/8/12,3050.67,,,,,
2016/8/11,3002.64,,,,,
2016/8/10,3018.75,,,,,
2016/8/9,3025.68,,,,,
2016/8/8,3004.28,,,,,
2016/8/5,2976.70,,,,,
2016/8/4,2982.43,,,,,
2016/8/3,2978.46,,,,,
2016/8/2,2971.28,,,,,
2016/8/1,2953.39,,,,,
2016/7/29,2979.34,,,,,
2016/7/28,2994.32,,,,,
2016/7/27,2992.00,,,,,
2016/7/26,3050.17,,,,,
2016/7/25,3015.83,,,,,
2016/7/22,3012.82,,,,,
2016/7/21,3039.01,,,,,
2016/7/20,3027.90,,,,,
2016/7/19,3036.60,,,,,
2016/7/18,3043.56,,,,,
2016/7/15,3054.30,,,,,
2016/7/14,3054.02,,,,,
2016/7/13,3060.69,,,,,
2016/7/12,3049.38,,,,,
2016/7/11,2994.92,,,,,
2016/7/8,2988.09,,,,,
2016/7/7,3016.85,,,,,
2016/7/6,3017.29,,,,,
2016/7/5,3006.39,,,,,
2016/7/4,2988.60,,,,,
2016/7/1,2932.48,,,,,
2016/6/30,2929.61,,,,,
2016/6/29,2931.59,,,,,
2016/6/28,2912.56,,,,,
2016/6/27,2895.70,,,,,
2016/6/24,2854.29,,,,,
2016/6/23,2891.96,,,,,
2016/6/22,2905.55,,,,,
2016/6/21,2878.56,,,,,
2016/6/20,2888.81,,,,,
2016/6/17,2885.11,,,,,
2016/6/16,2872.82,,,,,
2016/6/15,2887.21,,,,,
2016/6/14,2842.19,,,,,
2016/6/13,2833.07,,,,,
2016/6/8,2927.16,,,,,
2016/6/7,2936.04,,,,,
2016/6/6,2934.10,,,,,
2016/6/3,2938.68,,,,,
2016/6/2,2925.23,,,,,
2016/6/1,2913.51,,,,,
2016/5/31,2916.62,,,,,
2016/5/30,2822.45,,,,,
2016/5/27,2821.05,,,,,
2016/5/26,2822.44,,,,,
2016/5/25,2815.09,,,,,
2016/5/24,2821.67,,,,,
2016/5/23,2843.64,,,,,
2016/5/20,2825.48,,,,,
2016/5/19,2806.91,,,,,
2016/5/18,2807.51,,,,,
2016/5/17,2843.68,,,,,
2016/5/16,2850.86,,,,,
2016/5/13,2827.11,,,,,
2016/5/12,2835.86,,,,,
2016/5/11,2837.04,,,,,
2016/5/10,2832.59,,,,,
2016/5/9,2832.11,,,,,
2016/5/6,2913.25,,,,,
2016/5/5,2997.84,,,,,
2016/5/4,2991.27,,,,,
2016/5/3,2992.64,,,,,
2016/4/29,2938.32,,,,,
2016/4/28,2945.59,,,,,
2016/4/27,2953.67,,,,,
2016/4/26,2964.70,,,,,
2016/4/25,2946.67,,,,,
2016/4/22,2959.24,,,,,
2016/4/21,2952.89,,,,,
2016/4/20,2972.58,,,,,
2016/4/19,3042.82,,,,,
2016/4/18,3033.66,,,,,
2016/4/15,3078.12,,,,,
2016/4/14,3082.36,,,,,
2016/4/13,3066.64,,,,,
2016/4/12,3023.65,,,,,
2016/4/11,3033.96,,,,,
2016/4/8,2984.96,,,,,
2016/4/7,3008.42,,,,,
2016/4/6,3050.59,,,,,
2016/4/5,3053.07,,,,,
2016/4/1,3009.53,,,,,
2016/3/31,3003.92,,,,,
2016/3/30,3000.64,,,,,
2016/3/29,2919.83,,,,,
2016/3/28,2957.82,,,,,
2016/3/25,2979.43,,,,,
2016/3/24,2960.97,,,,,
2016/3/23,3009.96,,,,,
2016/3/22,2999.36,,,,,
2016/3/21,3018.80,,,,,
2016/3/18,2955.15,,,,,
2016/3/17,2904.83,,,,,
2016/3/16,2870.43,,,,,
2016/3/15,2864.37,,,,,
2016/3/14,2859.50,,,,,
2016/3/11,2810.31,,,,,
2016/3/10,2804.73,,,,,
2016/3/9,2862.56,,,,,
2016/3/8,2901.39,,,,,
2016/3/7,2897.34,,,,,
2016/3/4,2874.15,,,,,
2016/3/3,2859.76,,,,,
2016/3/2,2849.68,,,,,
2016/3/1,2733.17,,,,,
2016/2/29,2687.98,,,,,
2016/2/26,2767.21,,,,,
2016/2/25,2741.25,,,,,
2016/2/24,2928.90,,,,,
2016/2/23,2903.33,,,,,
2016/2/22,2927.18,,,,,
2016/2/19,2860.02,,,,,
2016/2/18,2862.89,,,,,
2016/2/17,2867.34,,,,,
2016/2/16,2836.57,,,,,
2016/2/15,2746.20,,,,,
2016/2/5,2763.49,,,,,
2016/2/4,2781.02,,,,,
2016/2/3,2739.25,,,,,
2016/2/2,2749.57,,,,,
2016/2/1,2688.85,,,,,
2016/1/29,2737.60,,,,,
2016/1/28,2655.66,,,,,
2016/1/27,2735.56,,,,,
2016/1/26,2749.79,,,,,
2016/1/25,2938.51,,,,,
2016/1/22,2916.56,,,,,
2016/1/21,2880.48,,,,,
2016/1/20,2976.69,,,,,
2016/1/19,3007.74,,,,,
2016/1/18,2913.84,,,,,
2016/1/15,2900.97,,,,,
2016/1/14,3007.65,,,,,
2016/1/13,2949.60,,,,,
2016/1/12,3022.86,,,,,
2016/1/11,3016.70,,,,,
2016/1/8,3186.41,,,,,
2016/1/7,3125.00,,,,,
2016/1/6,3361.84,,,,,
2016/1/5,3287.71,,,,,
2016/1/4,3296.26,,,,,
2015/12/31,3539.18,,,,,
2015/12/30,3572.88,,,,,
2015/12/29,3563.74,,,,,
2015/12/28,3533.78,,,,,
2015/12/25,3627.91,,,,,
2015/12/24,3612.49,,,,,
2015/12/23,3636.09,,,,,
2015/12/22,3651.77,,,,,
2015/12/21,3642.47,,,,,
2015/12/18,3578.96,,,,,
2015/12/17,3580.00,,,,,
2015/12/16,3516.19,,,,,
2015/12/15,3510.35,,,,,
2015/12/14,3520.67,,,,,
2015/12/11,3434.58,,,,,
2015/12/10,3455.50,,,,,
2015/12/9,3472.44,,,,,
2015/12/8,3470.07,,,,,
2015/12/7,3536.93,,,,,
2015/12/4,3524.99,,,,,
2015/12/3,3584.82,,,,,
2015/12/2,3536.91,,,,,
2015/12/1,3456.31,,,,,
2015/11/30,3445.40,,,,,
2015/11/27,3436.30,,,,,
2015/11/26,3635.55,,,,,
2015/11/25,3647.93,,,,,
2015/11/24,3616.11,,,,,
2015/11/23,3610.31,,,,,
2015/11/20,3630.50,,,,,
2015/11/19,3617.06,,,,,
2015/11/18,3568.47,,,,,
2015/11/17,3604.80,,,,,
2015/11/16,3606.96,,,,,
2015/11/13,3580.84,,,,,
2015/11/12,3632.90,,,,,
2015/11/11,3650.25,,,,,
2015/11/10,3640.49,,,,,
2015/11/9,3646.88,,,,,
2015/11/6,3590.03,,,,,
2015/11/5,3522.82,,,,,
2015/11/4,3459.64,,,,,
2015/11/3,3316.70,,,,,
2015/11/2,3325.08,,,,,
2015/10/30,3382.56,,,,,
2015/10/29,3387.32,,,,,
2015/10/28,3375.20,,,,,
2015/10/27,3434.34,,,,,
2015/10/26,3429.58,,,,,
2015/10/23,3412.43,,,,,
2015/10/22,3368.74,,,,,
2015/10/21,3320.68,,,,,
2015/10/20,3425.33,,,,,
2015/10/19,3386.70,,,,,
2015/10/16,3391.35,,,,,
2015/10/15,3338.07,,,,,
2015/10/14,3262.44,,,,,
2015/10/13,3293.23,,,,,
2015/10/12,3287.66,,,,,
2015/10/9,3183.15,,,,,
2015/10/8,3143.36,,,,,
2015/9/30,3052.78,,,,,
2015/9/29,3038.14,,,,,
2015/9/28,3100.76,,,,,
2015/9/25,3092.35,,,,,
2015/9/24,3142.69,,,,,
2015/9/23,3115.89,,,,,
2015/9/22,3185.62,,,,,
2015/9/21,3156.54,,,,,
2015/9/18,3097.92,,,,,
2015/9/17,3086.06,,,,,
2015/9/16,3152.26,,,,,
2015/9/15,3005.17,,,,,
2015/9/14,3114.80,,,,,
2015/9/11,3200.23,,,,,
2015/9/10,3197.89,,,,,
2015/9/9,3243.09,,,,,
2015/9/8,3170.45,,,,,
2015/9/7,3080.42,,,,,
2015/9/2,3160.17,,,,,
2015/9/1,3166.62,,,,,
2015/8/31,3205.99,,,,,
2015/8/28,3232.35,,,,,
2015/8/27,3083.59,,,,,
2015/8/26,2927.29,,,,,
2015/8/25,2964.97,,,,,
2015/8/24,3209.91,,,,,
2015/8/21,3507.74,,,,,
2015/8/20,3664.29,,,,,
2015/8/19,3794.11,,,,,
2015/8/18,3748.16,,,,,
2015/8/17,3993.67,,,,,
2015/8/14,3965.33,,,,,
2015/8/13,3954.56,,,,,
2015/8/12,3886.32,,,,,
2015/8/11,3927.91,,,,,
2015/8/10,3928.42,,,,,
2015/8/7,3744.20,,,,,
2015/8/6,3661.54,,,,,
2015/8/5,3694.57,,,,,
2015/8/4,3756.54,,,,,
2015/8/3,3622.91,,,,,
2015/7/31,3663.73,,,,,
2015/7/30,3705.77,,,,,
2015/7/29,3789.17,,,,,
2015/7/28,3663.00,,,,,
2015/7/27,3725.56,,,,,
2015/7/24,4070.91,,,,,
2015/7/23,4123.92,,,,,
2015/7/22,4026.05,,,,,
2015/7/21,4017.67,,,,,
2015/7/20,3992.11,,,,,
2015/7/17,3957.35,,,,,
2015/7/16,3823.18,,,,,
2015/7/15,3805.70,,,,,
2015/7/14,3924.49,,,,,
2015/7/13,3970.39,,,,,
2015/7/10,3877.80,,,,,
2015/7/9,3709.33,,,,,
2015/7/8,3507.19,,,,,
2015/7/7,3727.12,,,,,
2015/7/6,3775.91,,,,,
2015/7/3,3686.92,,,,,
2015/7/2,3912.77,,,,,
2015/7/1,4053.70,,,,,
2015/6/30,4277.22,,,,,
2015/6/29,4053.03,,,,,
2015/6/26,4192.87,,,,,
2015/6/25,4527.78,,,,,
2015/6/24,4690.15,,,,,
2015/6/23,4576.49,,,,,
2015/6/19,4478.36,,,,,
2015/6/18,4785.36,,,,,
2015/6/17,4967.90,,,,,
2015/6/16,4887.43,,,,,
2015/6/15,5062.99,,,,,
2015/6/12,5166.35,,,,,
2015/6/11,5121.59,,,,,
2015/6/10,5106.04,,,,,
2015/6/9,5113.53,,,,,
2015/6/8,5131.88,,,,,
2015/6/5,5023.10,,,,,
2015/6/4,4947.10,,,,,
2015/6/3,4909.98,,,,,
2015/6/2,4910.53,,,,,
2015/6/1,4828.74,,,,,
2015/5/29,4611.74,,,,,
2015/5/28,4620.27,,,,,
2015/5/27,4941.71,,,,,
2015/5/26,4910.90,,,,,
2015/5/25,4813.80,,,,,
2015/5/22,4657.60,,,,,
2015/5/21,4529.42,,,,,
2015/5/20,4446.29,,,,,
2015/5/19,4417.55,,,,,
2015/5/18,4283.49,,,,,
2015/5/15,4308.69,,,,,
2015/5/14,4378.31,,,,,
2015/5/13,4375.76,,,,,
2015/5/12,4401.22,,,,,
2015/5/11,4333.58,,,,,
2015/5/8,4205.92,,,,,
2015/5/7,4112.21,,,,,
2015/5/6,4229.27,,,,,
2015/5/5,4298.71,,,,,
2015/5/4,4480.46,,,,,
2015/4/30,4441.66,,,,,
2015/4/29,4476.62,,,,,
2015/4/28,4476.21,,,,,
2015/4/27,4527.40,,,,,
2015/4/24,4393.69,,,,,
2015/4/23,4414.51,,,,,
2015/4/22,4398.49,,,,,
2015/4/21,4293.62,,,,,
2015/4/20,4217.08,,,,,
2015/4/17,4287.30,,,,,
2015/4/16,4194.82,,,,,
2015/4/15,4084.16,,,,,
2015/4/14,4135.57,,,,,
2015/4/13,4121.71,,,,,
2015/4/10,4034.31,,,,,
2015/4/9,3957.53,,,,,
2015/4/8,3994.81,,,,,
2015/4/7,3961.38,,,,,
2015/4/3,3863.93,,,,,
2015/4/2,3825.78,,,,,
2015/4/1,3810.29,,,,,
2015/3/31,3747.90,,,,,
2015/3/30,3786.57,,,,,
2015/3/27,3691.10,,,,,
2015/3/26,3682.10,,,,,
2015/3/25,3660.73,,,,,
2015/3/24,3691.41,,,,,
2015/3/23,3687.73,,,,,
2015/3/20,3617.32,,,,,
2015/3/19,3582.27,,,,,
2015/3/18,3577.30,,,,,
2015/3/17,3502.85,,,,,
2015/3/16,3449.30,,,,,
2015/3/13,3372.91,,,,,
2015/3/12,3349.32,,,,,
2015/3/11,3290.90,,,,,
2015/3/10,3286.07,,,,,
2015/3/9,3302.41,,,,,
2015/3/6,3241.19,,,,,
2015/3/5,3248.48,,,,,
2015/3/4,3279.53,,,,,
2015/3/3,3263.05,,,,,
2015/3/2,3336.28,,,,,
2015/2/27,3310.30,,,,,
2015/2/26,3298.36,,,,,
2015/2/25,3228.84,,,,,
2015/2/17,3246.91,,,,,
2015/2/16,3222.36,,,,,
2015/2/13,3203.83,,,,,
2015/2/12,3173.42,,,,,
2015/2/11,3157.70,,,,,
2015/2/10,3141.59,,,,,
2015/2/9,3095.12,,,,,
2015/2/6,3075.91,,,,,
2015/2/5,3136.53,,,,,
2015/2/4,3174.13,,,,,
2015/2/3,3204.91,,,,,
2015/2/2,3128.30,,,,,
2015/1/30,3210.36,,,,,
2015/1/29,3262.30,,,,,
2015/1/28,3305.74,,,,,
2015/1/27,3352.96,,,,,
2015/1/26,3383.18,,,,,
2015/1/23,3351.76,,,,,
2015/1/22,3343.34,,,,,
2015/1/21,3323.61,,,,,
2015/1/20,3173.05,,,,,
2015/1/19,3116.35,,,,,
2015/1/16,3376.49,,,,,
2015/1/15,3336.45,,,,,
2015/1/14,3222.44,,,,,
2015/1/13,3235.30,,,,,
2015/1/12,3229.32,,,,,
2015/1/9,3285.41,,,,,
2015/1/8,3293.46,,,,,
2015/1/7,3373.95,,,,,
2015/1/6,3351.45,,,,,
2015/1/5,3350.52,,,,,
2014/12/31,3234.68,,,,,
2014/12/30,3165.81,,,,,
2014/12/29,3168.02,,,,,
2014/12/26,3157.60,,,,,
2014/12/25,3072.54,,,,,
2014/12/24,2972.53,,,,,
2014/12/23,3032.61,,,,,
2014/12/22,3127.44,,,,,
2014/12/19,3108.60,,,,,
2014/12/18,3057.52,,,,,
2014/12/17,3061.02,,,,,
2014/12/16,3021.52,,,,,
2014/12/15,2953.42,,,,,
2014/12/12,2938.17,,,,,
2014/12/11,2925.74,,,,,
2014/12/10,2940.01,,,,,
2014/12/9,2856.27,,,,,
2014/12/8,3020.26,,,,,
2014/12/5,2937.65,,,,,
2014/12/4,2899.46,,,,,
2014/12/3,2779.53,,,,,
2014/12/2,2763.54,,,,,
2014/12/1,2680.16,,,,,
2014/11/28,2682.83,,,,,
2014/11/27,2630.49,,,,,
2014/11/26,2604.35,,,,,
2014/11/25,2567.60,,,,,
2014/11/24,2532.88,,,,,
2014/11/21,2486.79,,,,,
2014/11/20,2452.66,,,,,
2014/11/19,2450.99,,,,,
2014/11/18,2456.37,,,,,
2014/11/17,2474.01,,,,,
2014/11/14,2478.82,,,,,
2014/11/13,2485.61,,,,,
2014/11/12,2494.48,,,,,
2014/11/11,2469.67,,,,,
2014/11/10,2473.67,,,,,
2014/11/7,2418.17,,,,,
2014/11/6,2425.86,,,,,
2014/11/5,2419.25,,,,,
2014/11/4,2430.68,,,,,
2014/11/3,2430.03,,,,,
2014/10/31,2420.18,,,,,
2014/10/30,2391.08,,,,,
2014/10/29,2373.03,,,,,
2014/10/28,2337.87,,,,,
2014/10/27,2290.44,,,,,
2014/10/24,2302.28,,,,,
2014/10/23,2302.42,,,,,
2014/10/22,2326.55,,,,,
2014/10/21,2339.66,,,,,
2014/10/20,2356.73,,,,,
2014/10/17,2341.18,,,,,
2014/10/16,2356.50,,,,,
2014/10/15,2373.67,,,,,
2014/10/14,2359.47,,,,,
2014/10/13,2366.01,,,,,
